,image_id,identity,path,split
0,000912763e305fbf,16,wurzq71kfm561ljahbwjhx9n3/Cows-testing/Cow16/cow16_6_000912763e305fbf.png,train
1,00fa32a2e11048da,9,wurzq71kfm561ljahbwjhx9n3/Cows-testing/Cow9/cow9_8_00fa32a2e11048da.png,train
2,01af8958e647d68a,26,wurzq71kfm561ljahbwjhx9n3/Cows-testing/Cow26/cow26_6_01af8958e647d68a.png,train
3,01d8f02c86b3c48a,3,wurzq71kfm561ljahbwjhx9n3/Cows-testing/Cow3/cow3_1_01d8f02c86b3c48a.png,train
4,020b33e51a98bb9b,2,wurzq71kfm561ljahbwjhx9n3/Cows-training/Cow2/cow2_5_020b33e51a98bb9b.png,train
5,039979b20a0e0e7f,9,wurzq71kfm561ljahbwjhx9n3/Cows-training/Cow9/cow9_8_039979b20a0e0e7f.png,train
6,045b76cefd871f2f,20,wurzq71kfm561ljahbwjhx9n3/Cows-testing/Cow20/cow20_8_045b76cefd871f2f.png,train
7,0484f70dd8236077,2,wurzq71kfm561ljahbwjhx9n3/Cows-training/Cow2/cow2_7_0484f70dd8236077.png,test
8,058a6023a45f69d1,40,wurzq71kfm561ljahbwjhx9n3/Cows-testing/Cow40/cow40_5_058a6023a45f69d1.png,train
9,06b9b3c0d1875fa6,16,wurzq71kfm561ljahbwjhx9n3/Cows-testing/Cow16/cow16_4_06b9b3c0d1875fa6.png,train
10,07a2d1649d10fcf3,25,wurzq71kfm561ljahbwjhx9n3/Cows-testing/Cow25/cow25_3_07a2d1649d10fcf3.png,train
11,08f4a50e301bf15d,4,wurzq71kfm561ljahbwjhx9n3/Cows-training/Cow4/cow4_4_08f4a50e301bf15d.png,train
12,08f7f076b413fa09,26,wurzq71kfm561ljahbwjhx9n3/Cows-testing/Cow26/cow26_9_08f7f076b413fa09.png,train
13,09558087d15035a9,4,wurzq71kfm561ljahbwjhx9n3/Cows-training/Cow4/cow4_1_09558087d15035a9.png,train
14,0b2a9b242b9961bf,26,wurzq71kfm561ljahbwjhx9n3/Cows-testing/Cow26/cow26_10_0b2a9b242b9961bf.png,test
15,0b33b08732c9f97b,37,wurzq71kfm561ljahbwjhx9n3/Cows-testing/Cow37/cow37_2_0b33b08732c9f97b.png,train
16,0c1b00a6864e620a,6,wurzq71kfm561ljahbwjhx9n3/Cows-training/Cow6/cow6_5_0c1b00a6864e620a.png,train
17,0cbd7e1f4acc7fbc,9,wurzq71kfm561ljahbwjhx9n3/Cows-training/Cow9/cow9_4_0cbd7e1f4acc7fbc.png,train
18,0d0b1ecf1114428d,2,wurzq71kfm561ljahbwjhx9n3/Cows-training/Cow2/cow2_8_0d0b1ecf1114428d.png,train
19,0de0776e660e8a73,15,wurzq71kfm561ljahbwjhx9n3/Cows-testing/Cow15/cow15_3_0de0776e660e8a73.png,train
20,0e307d6bc61701f8,31,wurzq71kfm561ljahbwjhx9n3/Cows-testing/Cow31/cow31_4_0e307d6bc61701f8.png,train
21,0e5a30177c58cebd,15,wurzq71kfm561ljahbwjhx9n3/Cows-testing/Cow15/cow15_1_0e5a30177c58cebd.png,train
22,0e5bf5788a410aa3,7,wurzq71kfm561ljahbwjhx9n3/Cows-training/Cow7/cow7_3_0e5bf5788a410aa3.png,train
23,0e858af58a541a79,26,wurzq71kfm561ljahbwjhx9n3/Cows-testing/Cow26/cow26_7_0e858af58a541a79.png,test
24,105f791e1a0e352c,27,wurzq71kfm561ljahbwjhx9n3/Cows-testing/Cow27/cow27_1_105f791e1a0e352c.png,train
25,14311761dce60a1b,10,wurzq71kfm561ljahbwjhx9n3/Cows-training/Cow10/cow10_1_14311761dce60a1b.png,train
26,148ede9dd7f953cb,36,wurzq71kfm561ljahbwjhx9n3/Cows-testing/Cow36/cow36_2_148ede9dd7f953cb.png,train
27,149c680627ea2f5d,26,wurzq71kfm561ljahbwjhx9n3/Cows-testing/Cow26/cow26_1_149c680627ea2f5d.png,train
28,14fa6933ee736f17,8,wurzq71kfm561ljahbwjhx9n3/Cows-testing/Cow8/cow8_5_14fa6933ee736f17.png,train
29,169f7e9792c7c2dc,1,wurzq71kfm561ljahbwjhx9n3/Cows-testing/Cow1/cow1_2_169f7e9792c7c2dc.png,train
30,172249530671e572,36,wurzq71kfm561ljahbwjhx9n3/Cows-testing/Cow36/cow36_6_172249530671e572.png,train
31,192a47a483201bb8,8,wurzq71kfm561ljahbwjhx9n3/Cows-training/Cow8/cow8_4_192a47a483201bb8.png,train
32,1983885b2f6a3413,22,wurzq71kfm561ljahbwjhx9n3/Cows-testing/Cow22/cow22_6_1983885b2f6a3413.png,test
33,198e073a62ac7ba0,17,wurzq71kfm561ljahbwjhx9n3/Cows-testing/Cow17/cow17_1_198e073a62ac7ba0.png,train
34,19955046e6fed54c,25,wurzq71kfm561ljahbwjhx9n3/Cows-testing/Cow25/cow25_6_19955046e6fed54c.png,test
35,19a486f519739f24,5,wurzq71kfm561ljahbwjhx9n3/Cows-training/Cow5/cow5_9_19a486f519739f24.png,train
36,19a7ed8001c42477,18,wurzq71kfm561ljahbwjhx9n3/Cows-testing/Cow18/cow18_5_19a7ed8001c42477.png,test
37,1ab115a70e33dde8,9,wurzq71kfm561ljahbwjhx9n3/Cows-testing/Cow9/cow9_2_1ab115a70e33dde8.png,train
38,1ab677cc79e80b65,38,wurzq71kfm561ljahbwjhx9n3/Cows-testing/Cow38/cow38_3_1ab677cc79e80b65.png,test
39,1b4fa31a2b5e7c02,37,wurzq71kfm561ljahbwjhx9n3/Cows-testing/Cow37/cow37_1_1b4fa31a2b5e7c02.png,train
40,1b8e08817a2ab54a,2,wurzq71kfm561ljahbwjhx9n3/Cows-training/Cow2/cow2_6_1b8e08817a2ab54a.png,train
41,1c6b807e2f7f9aea,27,wurzq71kfm561ljahbwjhx9n3/Cows-testing/Cow27/cow27_2_1c6b807e2f7f9aea.png,test
42,1d06c5e774f8461e,12,wurzq71kfm561ljahbwjhx9n3/Cows-testing/Cow12/cow12_2_1d06c5e774f8461e.png,train
43,1d23ee9270f26a02,33,wurzq71kfm561ljahbwjhx9n3/Cows-testing/Cow33/cow33_7_1d23ee9270f26a02.png,test
44,1f73684ec3a8940a,8,wurzq71kfm561ljahbwjhx9n3/Cows-training/Cow8/cow8_7_1f73684ec3a8940a.png,test
45,1f86077a94ecc7e1,9,wurzq71kfm561ljahbwjhx9n3/Cows-training/Cow9/cow9_3_1f86077a94ecc7e1.png,test
46,1ff49baea6c1b904,24,wurzq71kfm561ljahbwjhx9n3/Cows-testing/Cow24/cow24_7_1ff49baea6c1b904.png,train
47,20012e31b412da57,9,wurzq71kfm561ljahbwjhx9n3/Cows-testing/Cow9/cow9_7_20012e31b412da57.png,train
48,218c842ef026835b,18,wurzq71kfm561ljahbwjhx9n3/Cows-testing/Cow18/cow18_9_218c842ef026835b.png,train
49,21ea3c482c8eb5c6,6,wurzq71kfm561ljahbwjhx9n3/Cows-training/Cow6/cow6_3_21ea3c482c8eb5c6.png,train
50,2482a7d906b53d8b,8,wurzq71kfm561ljahbwjhx9n3/Cows-testing/Cow8/cow8_9_2482a7d906b53d8b.png,train
51,24aea91b5cb4d1ef,25,wurzq71kfm561ljahbwjhx9n3/Cows-testing/Cow25/cow25_8_24aea91b5cb4d1ef.png,train
52,255de77da952e676,26,wurzq71kfm561ljahbwjhx9n3/Cows-testing/Cow26/cow26_4_255de77da952e676.png,train
53,2583c0e9e1ceed4b,12,wurzq71kfm561ljahbwjhx9n3/Cows-testing/Cow12/cow12_10_2583c0e9e1ceed4b.png,train
54,25949f620001bba9,21,wurzq71kfm561ljahbwjhx9n3/Cows-testing/Cow21/cow21_7_25949f620001bba9.png,train
55,25e158b86fd2897f,23,wurzq71kfm561ljahbwjhx9n3/Cows-testing/Cow23/cow23_2_25e158b86fd2897f.png,train
56,26c63392256d0808,33,wurzq71kfm561ljahbwjhx9n3/Cows-testing/Cow33/cow33_8_26c63392256d0808.png,train
57,29ccf277d77140b1,40,wurzq71kfm561ljahbwjhx9n3/Cows-testing/Cow40/cow40_7_29ccf277d77140b1.png,train
58,2a67258e383136c9,31,wurzq71kfm561ljahbwjhx9n3/Cows-testing/Cow31/cow31_5_2a67258e383136c9.png,test
59,2c7592722ceb45e6,5,wurzq71kfm561ljahbwjhx9n3/Cows-testing/Cow5/cow5_9_2c7592722ceb45e6.png,train
60,2d0b22293cf5ede6,33,wurzq71kfm561ljahbwjhx9n3/Cows-testing/Cow33/cow33_3_2d0b22293cf5ede6.png,train
61,2d5efee3d2b0622a,8,wurzq71kfm561ljahbwjhx9n3/Cows-training/Cow8/cow8_2_2d5efee3d2b0622a.png,train
62,2d875946d85ca10a,3,wurzq71kfm561ljahbwjhx9n3/Cows-training/Cow3/cow3_1_2d875946d85ca10a.png,test
63,2d9f792ad1c5681f,34,wurzq71kfm561ljahbwjhx9n3/Cows-testing/Cow34/cow34_5_2d9f792ad1c5681f.png,train
64,2e0afad9e0d41439,17,wurzq71kfm561ljahbwjhx9n3/Cows-testing/Cow17/cow17_9_2e0afad9e0d41439.png,train
65,2eac3e6f85269bb1,1,wurzq71kfm561ljahbwjhx9n3/Cows-testing/Cow1/cow1_7_2eac3e6f85269bb1.png,train
66,2f565b9630d48cc8,1,wurzq71kfm561ljahbwjhx9n3/Cows-training/Cow1/cow1_5_2f565b9630d48cc8.png,test
67,305c6b96a2a0f95b,1,wurzq71kfm561ljahbwjhx9n3/Cows-testing/Cow1/cow1_10_305c6b96a2a0f95b.png,train
68,31d9d15566d1133d,6,wurzq71kfm561ljahbwjhx9n3/Cows-testing/Cow6/cow6_5_31d9d15566d1133d.png,train
69,32a6dd1ddb7f6220,20,wurzq71kfm561ljahbwjhx9n3/Cows-testing/Cow20/cow20_6_32a6dd1ddb7f6220.png,test
70,3381268dbc5d4fa2,6,wurzq71kfm561ljahbwjhx9n3/Cows-training/Cow6/cow6_6_3381268dbc5d4fa2.png,test
71,33f4006a930fa67a,12,wurzq71kfm561ljahbwjhx9n3/Cows-testing/Cow12/cow12_8_33f4006a930fa67a.png,train
72,347aaaea76b445bc,10,wurzq71kfm561ljahbwjhx9n3/Cows-training/Cow10/cow10_4_347aaaea76b445bc.png,train
73,34d61a117be14069,21,wurzq71kfm561ljahbwjhx9n3/Cows-testing/Cow21/cow21_3_34d61a117be14069.png,test
74,34db182d3c4fb942,23,wurzq71kfm561ljahbwjhx9n3/Cows-testing/Cow23/cow23_1_34db182d3c4fb942.png,train
75,35c18251288dc33a,31,wurzq71kfm561ljahbwjhx9n3/Cows-testing/Cow31/cow31_8_35c18251288dc33a.png,train
76,366d69d2fe3302ff,7,wurzq71kfm561ljahbwjhx9n3/Cows-training/Cow7/cow7_5_366d69d2fe3302ff.png,train
77,36dccaaabc438ea5,24,wurzq71kfm561ljahbwjhx9n3/Cows-testing/Cow24/cow24_6_36dccaaabc438ea5.png,train
78,37207f6d20fc1b24,3,wurzq71kfm561ljahbwjhx9n3/Cows-training/Cow3/cow3_2_37207f6d20fc1b24.png,train
79,378564db71a8d277,5,wurzq71kfm561ljahbwjhx9n3/Cows-testing/Cow5/cow5_5_378564db71a8d277.png,train
80,39975ec2d92c1e50,15,wurzq71kfm561ljahbwjhx9n3/Cows-testing/Cow15/cow15_10_39975ec2d92c1e50.png,train
81,3a21f8babec148ab,1,wurzq71kfm561ljahbwjhx9n3/Cows-training/Cow1/cow1_8_3a21f8babec148ab.png,train
82,3a7a2fcfe8850b0b,38,wurzq71kfm561ljahbwjhx9n3/Cows-testing/Cow38/cow38_5_3a7a2fcfe8850b0b.png,test
83,3bae35251a0011ba,28,wurzq71kfm561ljahbwjhx9n3/Cows-testing/Cow28/cow28_1_3bae35251a0011ba.png,train
84,3bb4fdfaadf4a0ba,24,wurzq71kfm561ljahbwjhx9n3/Cows-testing/Cow24/cow24_3_3bb4fdfaadf4a0ba.png,train
85,3d029b9001de43f4,2,wurzq71kfm561ljahbwjhx9n3/Cows-training/Cow2/cow2_4_3d029b9001de43f4.png,train
86,3dc180973e8424cb,7,wurzq71kfm561ljahbwjhx9n3/Cows-testing/Cow7/cow7_6_3dc180973e8424cb.png,train
87,3e8d81681ddc19cc,7,wurzq71kfm561ljahbwjhx9n3/Cows-testing/Cow7/cow7_7_3e8d81681ddc19cc.png,train
88,4054efa86f63eb2a,5,wurzq71kfm561ljahbwjhx9n3/Cows-testing/Cow5/cow5_1_4054efa86f63eb2a.png,train
89,41282a5a26fc465a,35,wurzq71kfm561ljahbwjhx9n3/Cows-testing/Cow35/cow35_1_41282a5a26fc465a.png,train
90,41a069405a91dbf7,11,wurzq71kfm561ljahbwjhx9n3/Cows-testing/Cow11/cow11_8_41a069405a91dbf7.png,test
91,424a86aeeda9a919,35,wurzq71kfm561ljahbwjhx9n3/Cows-testing/Cow35/cow35_3_424a86aeeda9a919.png,train
92,431c3171a98f8d37,15,wurzq71kfm561ljahbwjhx9n3/Cows-testing/Cow15/cow15_6_431c3171a98f8d37.png,train
93,432e61925d1ca520,10,wurzq71kfm561ljahbwjhx9n3/Cows-testing/Cow10/cow10_1_432e61925d1ca520.png,train
94,437b6bb73c687ae6,15,wurzq71kfm561ljahbwjhx9n3/Cows-testing/Cow15/cow15_7_437b6bb73c687ae6.png,train
95,437d1d0d3bc42113,9,wurzq71kfm561ljahbwjhx9n3/Cows-testing/Cow9/cow9_5_437d1d0d3bc42113.png,train
96,443ea5089524c0d7,17,wurzq71kfm561ljahbwjhx9n3/Cows-testing/Cow17/cow17_8_443ea5089524c0d7.png,test
97,4473d3c008f00b41,1,wurzq71kfm561ljahbwjhx9n3/Cows-training/Cow1/cow1_7_4473d3c008f00b41.png,test
98,447886fde564da81,5,wurzq71kfm561ljahbwjhx9n3/Cows-testing/Cow5/cow5_4_447886fde564da81.png,train
99,449b768cd85b23fc,32,wurzq71kfm561ljahbwjhx9n3/Cows-testing/Cow32/cow32_4_449b768cd85b23fc.png,train
100,44c8901ddea6a6d6,6,wurzq71kfm561ljahbwjhx9n3/Cows-testing/Cow6/cow6_8_44c8901ddea6a6d6.png,train
101,45905411b0756337,22,wurzq71kfm561ljahbwjhx9n3/Cows-testing/Cow22/cow22_5_45905411b0756337.png,train
102,45dbb7776f709de5,38,wurzq71kfm561ljahbwjhx9n3/Cows-testing/Cow38/cow38_4_45dbb7776f709de5.png,train
103,466454b3e92699c8,1,wurzq71kfm561ljahbwjhx9n3/Cows-training/Cow1/cow1_6_466454b3e92699c8.png,train
104,466e7e1b33c25809,3,wurzq71kfm561ljahbwjhx9n3/Cows-testing/Cow3/cow3_4_466e7e1b33c25809.png,train
105,46ac0bb060ee36ee,2,wurzq71kfm561ljahbwjhx9n3/Cows-testing/Cow2/cow2_7_46ac0bb060ee36ee.png,train
106,478e7a1d1cec8872,8,wurzq71kfm561ljahbwjhx9n3/Cows-testing/Cow8/cow8_8_478e7a1d1cec8872.png,train
107,4825713f993e1d8e,6,wurzq71kfm561ljahbwjhx9n3/Cows-testing/Cow6/cow6_3_4825713f993e1d8e.png,train
108,489658a72a8920da,5,wurzq71kfm561ljahbwjhx9n3/Cows-training/Cow5/cow5_8_489658a72a8920da.png,train
109,49dd2bdde313344d,4,wurzq71kfm561ljahbwjhx9n3/Cows-testing/Cow4/cow4_2_49dd2bdde313344d.png,train
110,4a67d76ec1a37f8c,23,wurzq71kfm561ljahbwjhx9n3/Cows-testing/Cow23/cow23_3_4a67d76ec1a37f8c.png,train
111,4adcce9bd835749f,32,wurzq71kfm561ljahbwjhx9n3/Cows-testing/Cow32/cow32_1_4adcce9bd835749f.png,train
112,4adef74b6180bdd8,5,wurzq71kfm561ljahbwjhx9n3/Cows-testing/Cow5/cow5_8_4adef74b6180bdd8.png,train
113,4b5155d5d6f3e4ca,4,wurzq71kfm561ljahbwjhx9n3/Cows-training/Cow4/cow4_6_4b5155d5d6f3e4ca.png,train
114,4bcad2b98bb94565,30,wurzq71kfm561ljahbwjhx9n3/Cows-testing/Cow30/cow30_1_4bcad2b98bb94565.png,train
115,4c40574789598dd2,9,wurzq71kfm561ljahbwjhx9n3/Cows-training/Cow9/cow9_1_4c40574789598dd2.png,train
116,4c8e863b593c05cf,9,wurzq71kfm561ljahbwjhx9n3/Cows-training/Cow9/cow9_9_4c8e863b593c05cf.png,train
117,4cd500b7f6a4be8f,18,wurzq71kfm561ljahbwjhx9n3/Cows-testing/Cow18/cow18_8_4cd500b7f6a4be8f.png,train
118,4e573907cae60f0d,33,wurzq71kfm561ljahbwjhx9n3/Cows-testing/Cow33/cow33_1_4e573907cae60f0d.png,train
119,4ec56e6e9928f976,9,wurzq71kfm561ljahbwjhx9n3/Cows-training/Cow9/cow9_10_4ec56e6e9928f976.png,train
120,4f5de3f05451d21c,6,wurzq71kfm561ljahbwjhx9n3/Cows-training/Cow6/cow6_8_4f5de3f05451d21c.png,train
121,51098cc8487c1aa5,5,wurzq71kfm561ljahbwjhx9n3/Cows-testing/Cow5/cow5_2_51098cc8487c1aa5.png,train
122,51d7258f8880fb01,22,wurzq71kfm561ljahbwjhx9n3/Cows-testing/Cow22/cow22_2_51d7258f8880fb01.png,train
123,51fb8a273b24e866,32,wurzq71kfm561ljahbwjhx9n3/Cows-testing/Cow32/cow32_3_51fb8a273b24e866.png,train
124,53067fba9cb6e21c,36,wurzq71kfm561ljahbwjhx9n3/Cows-testing/Cow36/cow36_7_53067fba9cb6e21c.png,train
125,545bf039923d84d8,16,wurzq71kfm561ljahbwjhx9n3/Cows-testing/Cow16/cow16_5_545bf039923d84d8.png,train
126,54699438df1c8fe3,31,wurzq71kfm561ljahbwjhx9n3/Cows-testing/Cow31/cow31_1_54699438df1c8fe3.png,train
127,54b53908491edacf,11,wurzq71kfm561ljahbwjhx9n3/Cows-testing/Cow11/cow11_2_54b53908491edacf.png,train
128,54c77c61654464c0,33,wurzq71kfm561ljahbwjhx9n3/Cows-testing/Cow33/cow33_5_54c77c61654464c0.png,train
129,54ec4d4516121596,9,wurzq71kfm561ljahbwjhx9n3/Cows-testing/Cow9/cow9_3_54ec4d4516121596.png,test
130,555ff037e966c96a,38,wurzq71kfm561ljahbwjhx9n3/Cows-testing/Cow38/cow38_6_555ff037e966c96a.png,train
131,57aeed86ab201673,15,wurzq71kfm561ljahbwjhx9n3/Cows-testing/Cow15/cow15_8_57aeed86ab201673.png,train
132,58abed4843fb99eb,3,wurzq71kfm561ljahbwjhx9n3/Cows-training/Cow3/cow3_3_58abed4843fb99eb.png,train
133,59a6caa8d221bc5f,15,wurzq71kfm561ljahbwjhx9n3/Cows-testing/Cow15/cow15_2_59a6caa8d221bc5f.png,test
134,5a059d146e885c1a,16,wurzq71kfm561ljahbwjhx9n3/Cows-testing/Cow16/cow16_1_5a059d146e885c1a.png,train
135,5b1ad0838f8de5e3,40,wurzq71kfm561ljahbwjhx9n3/Cows-testing/Cow40/cow40_8_5b1ad0838f8de5e3.png,train
136,5b52225a781ed5e6,21,wurzq71kfm561ljahbwjhx9n3/Cows-testing/Cow21/cow21_5_5b52225a781ed5e6.png,train
137,5b85501eb91aa3f4,10,wurzq71kfm561ljahbwjhx9n3/Cows-training/Cow10/cow10_2_5b85501eb91aa3f4.png,train
138,5bec5bf62d7133c5,30,wurzq71kfm561ljahbwjhx9n3/Cows-testing/Cow30/cow30_2_5bec5bf62d7133c5.png,train
139,5c6410b92289bd68,26,wurzq71kfm561ljahbwjhx9n3/Cows-testing/Cow26/cow26_8_5c6410b92289bd68.png,train
140,5ca4494296e49df0,23,wurzq71kfm561ljahbwjhx9n3/Cows-testing/Cow23/cow23_6_5ca4494296e49df0.png,train
141,5d8c499dec90645f,7,wurzq71kfm561ljahbwjhx9n3/Cows-training/Cow7/cow7_7_5d8c499dec90645f.png,train
142,5dad176d22e3b2ba,1,wurzq71kfm561ljahbwjhx9n3/Cows-training/Cow1/cow1_4_5dad176d22e3b2ba.png,train
143,5ddda8beb9d1c2ec,40,wurzq71kfm561ljahbwjhx9n3/Cows-testing/Cow40/cow40_6_5ddda8beb9d1c2ec.png,test
144,5e1128ad8898a042,24,wurzq71kfm561ljahbwjhx9n3/Cows-testing/Cow24/cow24_5_5e1128ad8898a042.png,test
145,5e4c1efbe4f577c0,39,wurzq71kfm561ljahbwjhx9n3/Cows-testing/Cow39/cow39_1_5e4c1efbe4f577c0.png,train
146,5ecba0c6653c9f9b,24,wurzq71kfm561ljahbwjhx9n3/Cows-testing/Cow24/cow24_2_5ecba0c6653c9f9b.png,train
147,5f1f4922621895e2,5,wurzq71kfm561ljahbwjhx9n3/Cows-training/Cow5/cow5_6_5f1f4922621895e2.png,train
148,6148832f12ab2412,7,wurzq71kfm561ljahbwjhx9n3/Cows-training/Cow7/cow7_10_6148832f12ab2412.png,train
149,6161fae16863c733,21,wurzq71kfm561ljahbwjhx9n3/Cows-testing/Cow21/cow21_4_6161fae16863c733.png,train
150,6236c9f777d63dd8,23,wurzq71kfm561ljahbwjhx9n3/Cows-testing/Cow23/cow23_5_6236c9f777d63dd8.png,train
151,624245b59ba601b8,39,wurzq71kfm561ljahbwjhx9n3/Cows-testing/Cow39/cow39_3_624245b59ba601b8.png,train
152,62799cae02289d01,24,wurzq71kfm561ljahbwjhx9n3/Cows-testing/Cow24/cow24_4_62799cae02289d01.png,train
153,631cfabaf356487a,30,wurzq71kfm561ljahbwjhx9n3/Cows-testing/Cow30/cow30_3_631cfabaf356487a.png,test
154,64815c22d54f4670,9,wurzq71kfm561ljahbwjhx9n3/Cows-testing/Cow9/cow9_1_64815c22d54f4670.png,train
155,6546478282f2f58b,18,wurzq71kfm561ljahbwjhx9n3/Cows-testing/Cow18/cow18_6_6546478282f2f58b.png,train
156,6685d20a24867f19,38,wurzq71kfm561ljahbwjhx9n3/Cows-testing/Cow38/cow38_1_6685d20a24867f19.png,train
157,675b50228df3c3dc,2,wurzq71kfm561ljahbwjhx9n3/Cows-testing/Cow2/cow2_1_675b50228df3c3dc.png,train
158,6792334cbafdf34c,13,wurzq71kfm561ljahbwjhx9n3/Cows-testing/Cow13/cow13_5_6792334cbafdf34c.png,train
159,681aefad5339ee2b,11,wurzq71kfm561ljahbwjhx9n3/Cows-testing/Cow11/cow11_1_681aefad5339ee2b.png,train
160,6a290e5cee8ed7af,7,wurzq71kfm561ljahbwjhx9n3/Cows-training/Cow7/cow7_4_6a290e5cee8ed7af.png,train
161,6a2cda46abbad93d,22,wurzq71kfm561ljahbwjhx9n3/Cows-testing/Cow22/cow22_3_6a2cda46abbad93d.png,train
162,6aa3143374cc03ea,16,wurzq71kfm561ljahbwjhx9n3/Cows-testing/Cow16/cow16_3_6aa3143374cc03ea.png,test
163,6b6860fa13f332e7,7,wurzq71kfm561ljahbwjhx9n3/Cows-training/Cow7/cow7_2_6b6860fa13f332e7.png,test
164,6b6d8f187c7e46f6,9,wurzq71kfm561ljahbwjhx9n3/Cows-testing/Cow9/cow9_4_6b6d8f187c7e46f6.png,train
165,6bb393545db633af,5,wurzq71kfm561ljahbwjhx9n3/Cows-testing/Cow5/cow5_7_6bb393545db633af.png,test
166,6bb4fde96a4d0c97,25,wurzq71kfm561ljahbwjhx9n3/Cows-testing/Cow25/cow25_7_6bb4fde96a4d0c97.png,train
167,6c7d8a7576c58e54,20,wurzq71kfm561ljahbwjhx9n3/Cows-testing/Cow20/cow20_5_6c7d8a7576c58e54.png,train
168,6d09d01b3fc45174,10,wurzq71kfm561ljahbwjhx9n3/Cows-training/Cow10/cow10_5_6d09d01b3fc45174.png,train
169,6da413caaa2ec2c4,18,wurzq71kfm561ljahbwjhx9n3/Cows-testing/Cow18/cow18_4_6da413caaa2ec2c4.png,train
170,6ef36ea359bf3f62,20,wurzq71kfm561ljahbwjhx9n3/Cows-testing/Cow20/cow20_4_6ef36ea359bf3f62.png,train
171,70e14e045bd28642,12,wurzq71kfm561ljahbwjhx9n3/Cows-testing/Cow12/cow12_6_70e14e045bd28642.png,train
172,70fa8ea5713d276e,8,wurzq71kfm561ljahbwjhx9n3/Cows-training/Cow8/cow8_1_70fa8ea5713d276e.png,train
173,716e7e60fc3c8a07,19,wurzq71kfm561ljahbwjhx9n3/Cows-testing/Cow19/cow19_7_716e7e60fc3c8a07.png,train
174,72a5cf1bfe6dea34,8,wurzq71kfm561ljahbwjhx9n3/Cows-testing/Cow8/cow8_10_72a5cf1bfe6dea34.png,test
175,7369934a41220c12,13,wurzq71kfm561ljahbwjhx9n3/Cows-testing/Cow13/cow13_2_7369934a41220c12.png,train
176,7412e15c6382f010,17,wurzq71kfm561ljahbwjhx9n3/Cows-testing/Cow17/cow17_5_7412e15c6382f010.png,train
177,74a9dfe364525196,36,wurzq71kfm561ljahbwjhx9n3/Cows-testing/Cow36/cow36_4_74a9dfe364525196.png,test
178,74ac324db63d47e8,9,wurzq71kfm561ljahbwjhx9n3/Cows-testing/Cow9/cow9_6_74ac324db63d47e8.png,train
179,74b732b051b2b606,26,wurzq71kfm561ljahbwjhx9n3/Cows-testing/Cow26/cow26_3_74b732b051b2b606.png,train
180,76a56d2665dc203a,7,wurzq71kfm561ljahbwjhx9n3/Cows-testing/Cow7/cow7_10_76a56d2665dc203a.png,test
181,78d50062f87d9681,6,wurzq71kfm561ljahbwjhx9n3/Cows-testing/Cow6/cow6_1_78d50062f87d9681.png,train
182,7903bf33bec96e33,31,wurzq71kfm561ljahbwjhx9n3/Cows-testing/Cow31/cow31_3_7903bf33bec96e33.png,train
183,7966e78c6660117c,11,wurzq71kfm561ljahbwjhx9n3/Cows-testing/Cow11/cow11_4_7966e78c6660117c.png,train
184,7a43eeefa1f21f47,4,wurzq71kfm561ljahbwjhx9n3/Cows-testing/Cow4/cow4_1_7a43eeefa1f21f47.png,train
185,7ab1133883b1a6fc,21,wurzq71kfm561ljahbwjhx9n3/Cows-testing/Cow21/cow21_6_7ab1133883b1a6fc.png,train
186,7aced99d4f962bac,7,wurzq71kfm561ljahbwjhx9n3/Cows-training/Cow7/cow7_6_7aced99d4f962bac.png,train
187,7bfdde8c1afc588b,21,wurzq71kfm561ljahbwjhx9n3/Cows-testing/Cow21/cow21_2_7bfdde8c1afc588b.png,train
188,7db7d0f742ffd0b5,2,wurzq71kfm561ljahbwjhx9n3/Cows-testing/Cow2/cow2_5_7db7d0f742ffd0b5.png,train
189,7fcea6816c84db85,5,wurzq71kfm561ljahbwjhx9n3/Cows-training/Cow5/cow5_1_7fcea6816c84db85.png,train
190,8138896ef6a90aa1,1,wurzq71kfm561ljahbwjhx9n3/Cows-testing/Cow1/cow1_6_8138896ef6a90aa1.png,test
191,81f92b1d47b84b6c,7,wurzq71kfm561ljahbwjhx9n3/Cows-training/Cow7/cow7_9_81f92b1d47b84b6c.png,train
192,823141fe7690274f,13,wurzq71kfm561ljahbwjhx9n3/Cows-testing/Cow13/cow13_7_823141fe7690274f.png,train
193,84b397789193748a,2,wurzq71kfm561ljahbwjhx9n3/Cows-testing/Cow2/cow2_6_84b397789193748a.png,train
194,854936a2ec00f13f,3,wurzq71kfm561ljahbwjhx9n3/Cows-training/Cow3/cow3_4_854936a2ec00f13f.png,train
195,858a101efc103b85,2,wurzq71kfm561ljahbwjhx9n3/Cows-training/Cow2/cow2_10_858a101efc103b85.png,train
196,8781ca79f014fc3d,5,wurzq71kfm561ljahbwjhx9n3/Cows-testing/Cow5/cow5_3_8781ca79f014fc3d.png,train
197,88b34600d98905d9,8,wurzq71kfm561ljahbwjhx9n3/Cows-testing/Cow8/cow8_1_88b34600d98905d9.png,test
198,8ab8814925ca046e,7,wurzq71kfm561ljahbwjhx9n3/Cows-testing/Cow7/cow7_3_8ab8814925ca046e.png,train
199,8b50ba7405b07031,23,wurzq71kfm561ljahbwjhx9n3/Cows-testing/Cow23/cow23_8_8b50ba7405b07031.png,train
200,8d9f4b3015ae1be7,17,wurzq71kfm561ljahbwjhx9n3/Cows-testing/Cow17/cow17_3_8d9f4b3015ae1be7.png,train
201,8de0f798b0d1700d,4,wurzq71kfm561ljahbwjhx9n3/Cows-testing/Cow4/cow4_6_8de0f798b0d1700d.png,test
202,8de5ae8a8ad1901f,33,wurzq71kfm561ljahbwjhx9n3/Cows-testing/Cow33/cow33_2_8de5ae8a8ad1901f.png,train
203,8f1eea1a6e461e81,1,wurzq71kfm561ljahbwjhx9n3/Cows-testing/Cow1/cow1_8_8f1eea1a6e461e81.png,train
204,8f5d68d60cb2818d,12,wurzq71kfm561ljahbwjhx9n3/Cows-testing/Cow12/cow12_4_8f5d68d60cb2818d.png,test
205,90438025a1184775,25,wurzq71kfm561ljahbwjhx9n3/Cows-testing/Cow25/cow25_4_90438025a1184775.png,train
206,91624b372eca5b63,17,wurzq71kfm561ljahbwjhx9n3/Cows-testing/Cow17/cow17_7_91624b372eca5b63.png,train
207,9168ec263943e3bf,6,wurzq71kfm561ljahbwjhx9n3/Cows-training/Cow6/cow6_2_9168ec263943e3bf.png,train
208,930b90f5327fd0e3,23,wurzq71kfm561ljahbwjhx9n3/Cows-testing/Cow23/cow23_4_930b90f5327fd0e3.png,train
209,94643a6dd9b24acc,25,wurzq71kfm561ljahbwjhx9n3/Cows-testing/Cow25/cow25_1_94643a6dd9b24acc.png,train
210,946e5c9ee490731e,17,wurzq71kfm561ljahbwjhx9n3/Cows-testing/Cow17/cow17_4_946e5c9ee490731e.png,train
211,958f5f614c8351bb,36,wurzq71kfm561ljahbwjhx9n3/Cows-testing/Cow36/cow36_5_958f5f614c8351bb.png,test
212,95946227a9428d66,13,wurzq71kfm561ljahbwjhx9n3/Cows-testing/Cow13/cow13_1_95946227a9428d66.png,train
213,959da80642bd652d,40,wurzq71kfm561ljahbwjhx9n3/Cows-testing/Cow40/cow40_2_959da80642bd652d.png,train
214,9667a2796889d1c1,1,wurzq71kfm561ljahbwjhx9n3/Cows-testing/Cow1/cow1_1_9667a2796889d1c1.png,train
215,96789449189278c4,39,wurzq71kfm561ljahbwjhx9n3/Cows-testing/Cow39/cow39_4_96789449189278c4.png,test
216,980676160eb6a34c,8,wurzq71kfm561ljahbwjhx9n3/Cows-training/Cow8/cow8_3_980676160eb6a34c.png,test
217,9816a6075a6c62d2,5,wurzq71kfm561ljahbwjhx9n3/Cows-training/Cow5/cow5_4_9816a6075a6c62d2.png,test
218,9895a0cefcc6d26f,18,wurzq71kfm561ljahbwjhx9n3/Cows-testing/Cow18/cow18_2_9895a0cefcc6d26f.png,train
219,994b5ed154a4e809,36,wurzq71kfm561ljahbwjhx9n3/Cows-testing/Cow36/cow36_8_994b5ed154a4e809.png,train
220,9a9fb4f01b345380,33,wurzq71kfm561ljahbwjhx9n3/Cows-testing/Cow33/cow33_4_9a9fb4f01b345380.png,test
221,9b402de8d4258b34,38,wurzq71kfm561ljahbwjhx9n3/Cows-testing/Cow38/cow38_8_9b402de8d4258b34.png,train
222,9b50cbcab2777936,2,wurzq71kfm561ljahbwjhx9n3/Cows-testing/Cow2/cow2_3_9b50cbcab2777936.png,test
223,9b7d9a936ac799af,25,wurzq71kfm561ljahbwjhx9n3/Cows-testing/Cow25/cow25_5_9b7d9a936ac799af.png,test
224,9bed9d8917e58b8f,8,wurzq71kfm561ljahbwjhx9n3/Cows-training/Cow8/cow8_6_9bed9d8917e58b8f.png,train
225,9d6f9198aff44418,9,wurzq71kfm561ljahbwjhx9n3/Cows-testing/Cow9/cow9_10_9d6f9198aff44418.png,train
226,9db41f10de135198,9,wurzq71kfm561ljahbwjhx9n3/Cows-training/Cow9/cow9_7_9db41f10de135198.png,test
227,9db53c7a540b97cc,23,wurzq71kfm561ljahbwjhx9n3/Cows-testing/Cow23/cow23_10_9db53c7a540b97cc.png,train
228,9df9b140b2f0ec1d,34,wurzq71kfm561ljahbwjhx9n3/Cows-testing/Cow34/cow34_4_9df9b140b2f0ec1d.png,train
229,9e3fe73d0f8dbc96,11,wurzq71kfm561ljahbwjhx9n3/Cows-testing/Cow11/cow11_5_9e3fe73d0f8dbc96.png,train
230,9eaa70e30a292db0,17,wurzq71kfm561ljahbwjhx9n3/Cows-testing/Cow17/cow17_2_9eaa70e30a292db0.png,test
231,9f3712e21065ff21,14,wurzq71kfm561ljahbwjhx9n3/Cows-testing/Cow14/cow14_1_9f3712e21065ff21.png,train
232,9fa71b3aaf976b4a,24,wurzq71kfm561ljahbwjhx9n3/Cows-testing/Cow24/cow24_1_9fa71b3aaf976b4a.png,train
233,a023f89202f584cd,29,wurzq71kfm561ljahbwjhx9n3/Cows-testing/Cow29/cow29_1_a023f89202f584cd.png,test
234,a042e705a19c36d2,21,wurzq71kfm561ljahbwjhx9n3/Cows-testing/Cow21/cow21_8_a042e705a19c36d2.png,train
235,a06adb7ef0ff1d9d,7,wurzq71kfm561ljahbwjhx9n3/Cows-training/Cow7/cow7_1_a06adb7ef0ff1d9d.png,test
236,a12611b450eedeee,2,wurzq71kfm561ljahbwjhx9n3/Cows-training/Cow2/cow2_3_a12611b450eedeee.png,test
237,a21df1c0fb4b8fb2,4,wurzq71kfm561ljahbwjhx9n3/Cows-training/Cow4/cow4_5_a21df1c0fb4b8fb2.png,train
238,a244691343f5fb6c,13,wurzq71kfm561ljahbwjhx9n3/Cows-testing/Cow13/cow13_4_a244691343f5fb6c.png,test
239,a284ef476656ba85,31,wurzq71kfm561ljahbwjhx9n3/Cows-testing/Cow31/cow31_2_a284ef476656ba85.png,train
240,a341f72d3581e092,22,wurzq71kfm561ljahbwjhx9n3/Cows-testing/Cow22/cow22_1_a341f72d3581e092.png,train
241,a42669ae3f3655e9,18,wurzq71kfm561ljahbwjhx9n3/Cows-testing/Cow18/cow18_3_a42669ae3f3655e9.png,train
242,a4f1b24ce665c768,23,wurzq71kfm561ljahbwjhx9n3/Cows-testing/Cow23/cow23_9_a4f1b24ce665c768.png,test
243,aa3b1981a5b3c8b4,7,wurzq71kfm561ljahbwjhx9n3/Cows-testing/Cow7/cow7_4_aa3b1981a5b3c8b4.png,test
244,ab42e774f4d972de,1,wurzq71kfm561ljahbwjhx9n3/Cows-training/Cow1/cow1_9_ab42e774f4d972de.png,train
245,ab4616a6ddc2e449,21,wurzq71kfm561ljahbwjhx9n3/Cows-testing/Cow21/cow21_9_ab4616a6ddc2e449.png,train
246,ac20bc8bb324603a,34,wurzq71kfm561ljahbwjhx9n3/Cows-testing/Cow34/cow34_2_ac20bc8bb324603a.png,train
247,ad25f35c6e963a0e,11,wurzq71kfm561ljahbwjhx9n3/Cows-testing/Cow11/cow11_7_ad25f35c6e963a0e.png,train
248,ae99fbe04afb4a1e,7,wurzq71kfm561ljahbwjhx9n3/Cows-testing/Cow7/cow7_5_ae99fbe04afb4a1e.png,train
249,aea49f5fdbf9619f,17,wurzq71kfm561ljahbwjhx9n3/Cows-testing/Cow17/cow17_6_aea49f5fdbf9619f.png,train
250,aeeec10958489630,28,wurzq71kfm561ljahbwjhx9n3/Cows-testing/Cow28/cow28_2_aeeec10958489630.png,test
251,aefec2b3c3176385,38,wurzq71kfm561ljahbwjhx9n3/Cows-testing/Cow38/cow38_2_aefec2b3c3176385.png,train
252,af2c5a9668b41c31,5,wurzq71kfm561ljahbwjhx9n3/Cows-training/Cow5/cow5_3_af2c5a9668b41c31.png,train
253,af682ca92cad9f87,2,wurzq71kfm561ljahbwjhx9n3/Cows-training/Cow2/cow2_2_af682ca92cad9f87.png,train
254,b0e86585ecdfb70f,8,wurzq71kfm561ljahbwjhx9n3/Cows-training/Cow8/cow8_5_b0e86585ecdfb70f.png,train
255,b1a74e912e07d2d3,10,wurzq71kfm561ljahbwjhx9n3/Cows-testing/Cow10/cow10_2_b1a74e912e07d2d3.png,train
256,b1ddde6c530a82c0,19,wurzq71kfm561ljahbwjhx9n3/Cows-testing/Cow19/cow19_10_b1ddde6c530a82c0.png,test
257,b1f9184f681b7952,20,wurzq71kfm561ljahbwjhx9n3/Cows-testing/Cow20/cow20_2_b1f9184f681b7952.png,train
258,b27878525ad6c05c,19,wurzq71kfm561ljahbwjhx9n3/Cows-testing/Cow19/cow19_3_b27878525ad6c05c.png,train
259,b2998dcf8d0286bf,4,wurzq71kfm561ljahbwjhx9n3/Cows-training/Cow4/cow4_3_b2998dcf8d0286bf.png,train
260,b313328859b2f4b3,4,wurzq71kfm561ljahbwjhx9n3/Cows-training/Cow4/cow4_2_b313328859b2f4b3.png,train
261,b4a508f4af01dd1c,10,wurzq71kfm561ljahbwjhx9n3/Cows-testing/Cow10/cow10_3_b4a508f4af01dd1c.png,train
262,b5344a04a2309ea5,5,wurzq71kfm561ljahbwjhx9n3/Cows-testing/Cow5/cow5_10_b5344a04a2309ea5.png,train
263,b54d22e0b520e8f3,32,wurzq71kfm561ljahbwjhx9n3/Cows-testing/Cow32/cow32_5_b54d22e0b520e8f3.png,test
264,b633cf377c7280ff,1,wurzq71kfm561ljahbwjhx9n3/Cows-testing/Cow1/cow1_4_b633cf377c7280ff.png,test
265,b67f14cb378aaa43,14,wurzq71kfm561ljahbwjhx9n3/Cows-testing/Cow14/cow14_7_b67f14cb378aaa43.png,train
266,b69c23c09654cce2,1,wurzq71kfm561ljahbwjhx9n3/Cows-training/Cow1/cow1_3_b69c23c09654cce2.png,train
267,b797490f914b6bdf,9,wurzq71kfm561ljahbwjhx9n3/Cows-training/Cow9/cow9_5_b797490f914b6bdf.png,train
268,b7bece9b38b69176,19,wurzq71kfm561ljahbwjhx9n3/Cows-testing/Cow19/cow19_1_b7bece9b38b69176.png,train
269,b7d68ec0c1c0e9cf,8,wurzq71kfm561ljahbwjhx9n3/Cows-testing/Cow8/cow8_7_b7d68ec0c1c0e9cf.png,train
270,ba411dba6446c128,7,wurzq71kfm561ljahbwjhx9n3/Cows-testing/Cow7/cow7_2_ba411dba6446c128.png,train
271,ba84d231bfb5b08d,14,wurzq71kfm561ljahbwjhx9n3/Cows-testing/Cow14/cow14_6_ba84d231bfb5b08d.png,train
272,bd15cac675272b08,2,wurzq71kfm561ljahbwjhx9n3/Cows-training/Cow2/cow2_9_bd15cac675272b08.png,test
273,bd9aff063b09d003,1,wurzq71kfm561ljahbwjhx9n3/Cows-training/Cow1/cow1_1_bd9aff063b09d003.png,train
274,bee9fef25225f235,2,wurzq71kfm561ljahbwjhx9n3/Cows-testing/Cow2/cow2_10_bee9fef25225f235.png,train
275,bf3de74e0cf6a7ab,40,wurzq71kfm561ljahbwjhx9n3/Cows-testing/Cow40/cow40_4_bf3de74e0cf6a7ab.png,train
276,bf7fb38d4386a481,5,wurzq71kfm561ljahbwjhx9n3/Cows-training/Cow5/cow5_2_bf7fb38d4386a481.png,train
277,c0d12d6eee032654,19,wurzq71kfm561ljahbwjhx9n3/Cows-testing/Cow19/cow19_5_c0d12d6eee032654.png,train
278,c10e333777dffc94,11,wurzq71kfm561ljahbwjhx9n3/Cows-testing/Cow11/cow11_3_c10e333777dffc94.png,train
279,c169860b334933e2,18,wurzq71kfm561ljahbwjhx9n3/Cows-testing/Cow18/cow18_7_c169860b334933e2.png,train
280,c2bd9b109e7a8b42,14,wurzq71kfm561ljahbwjhx9n3/Cows-testing/Cow14/cow14_4_c2bd9b109e7a8b42.png,train
281,c4296559927469d9,6,wurzq71kfm561ljahbwjhx9n3/Cows-testing/Cow6/cow6_2_c4296559927469d9.png,test
282,c4d6337ca9825dbb,6,wurzq71kfm561ljahbwjhx9n3/Cows-testing/Cow6/cow6_4_c4d6337ca9825dbb.png,train
283,c535084221f3acb4,19,wurzq71kfm561ljahbwjhx9n3/Cows-testing/Cow19/cow19_9_c535084221f3acb4.png,train
284,c58e7c95b28dfb5d,1,wurzq71kfm561ljahbwjhx9n3/Cows-testing/Cow1/cow1_3_c58e7c95b28dfb5d.png,train
285,c5e39d3559981c61,34,wurzq71kfm561ljahbwjhx9n3/Cows-testing/Cow34/cow34_1_c5e39d3559981c61.png,train
286,c5fe83d5514fc5e4,39,wurzq71kfm561ljahbwjhx9n3/Cows-testing/Cow39/cow39_2_c5fe83d5514fc5e4.png,train
287,c613256ab6d2d3de,8,wurzq71kfm561ljahbwjhx9n3/Cows-training/Cow8/cow8_10_c613256ab6d2d3de.png,train
288,c64c71dd2ffe9abe,7,wurzq71kfm561ljahbwjhx9n3/Cows-testing/Cow7/cow7_9_c64c71dd2ffe9abe.png,train
289,c87b96ca0ef374b8,6,wurzq71kfm561ljahbwjhx9n3/Cows-testing/Cow6/cow6_6_c87b96ca0ef374b8.png,test
290,c9a25f317165e364,1,wurzq71kfm561ljahbwjhx9n3/Cows-training/Cow1/cow1_2_c9a25f317165e364.png,train
291,cbc113bbb1b733bc,9,wurzq71kfm561ljahbwjhx9n3/Cows-testing/Cow9/cow9_9_cbc113bbb1b733bc.png,test
292,cbf5eec4006d4639,13,wurzq71kfm561ljahbwjhx9n3/Cows-testing/Cow13/cow13_8_cbf5eec4006d4639.png,train
293,cc24c8f47a94113c,19,wurzq71kfm561ljahbwjhx9n3/Cows-testing/Cow19/cow19_8_cc24c8f47a94113c.png,train
294,ccb350e2cffbd5f7,2,wurzq71kfm561ljahbwjhx9n3/Cows-training/Cow2/cow2_1_ccb350e2cffbd5f7.png,train
295,cd015f27a91f8eaf,7,wurzq71kfm561ljahbwjhx9n3/Cows-testing/Cow7/cow7_1_cd015f27a91f8eaf.png,train
296,cd34770e5335f969,20,wurzq71kfm561ljahbwjhx9n3/Cows-testing/Cow20/cow20_7_cd34770e5335f969.png,train
297,cdfd98ec7ad24b47,9,wurzq71kfm561ljahbwjhx9n3/Cows-training/Cow9/cow9_2_cdfd98ec7ad24b47.png,train
298,ceeb55e911f207a4,1,wurzq71kfm561ljahbwjhx9n3/Cows-testing/Cow1/cow1_5_ceeb55e911f207a4.png,train
299,cf2ba1ab09c7f0b8,2,wurzq71kfm561ljahbwjhx9n3/Cows-testing/Cow2/cow2_9_cf2ba1ab09c7f0b8.png,train
300,cf91ce296a1fa110,39,wurzq71kfm561ljahbwjhx9n3/Cows-testing/Cow39/cow39_6_cf91ce296a1fa110.png,train
301,cf9331add0364fcd,3,wurzq71kfm561ljahbwjhx9n3/Cows-testing/Cow3/cow3_2_cf9331add0364fcd.png,test
302,cfb12853463ad7ca,31,wurzq71kfm561ljahbwjhx9n3/Cows-testing/Cow31/cow31_6_cfb12853463ad7ca.png,test
303,d26cc59675d87af3,12,wurzq71kfm561ljahbwjhx9n3/Cows-testing/Cow12/cow12_7_d26cc59675d87af3.png,train
304,d2a96bb004d662ea,4,wurzq71kfm561ljahbwjhx9n3/Cows-testing/Cow4/cow4_3_d2a96bb004d662ea.png,train
305,d2c7cc37071cccdd,2,wurzq71kfm561ljahbwjhx9n3/Cows-testing/Cow2/cow2_4_d2c7cc37071cccdd.png,train
306,d37ca67c9304bc3a,8,wurzq71kfm561ljahbwjhx9n3/Cows-testing/Cow8/cow8_4_d37ca67c9304bc3a.png,train
307,d3e7fb391be03329,40,wurzq71kfm561ljahbwjhx9n3/Cows-testing/Cow40/cow40_1_d3e7fb391be03329.png,test
308,d3f651e77164ad4f,13,wurzq71kfm561ljahbwjhx9n3/Cows-testing/Cow13/cow13_6_d3f651e77164ad4f.png,test
309,d403943f117707ee,19,wurzq71kfm561ljahbwjhx9n3/Cows-testing/Cow19/cow19_4_d403943f117707ee.png,test
310,d4b43744a71b67fa,14,wurzq71kfm561ljahbwjhx9n3/Cows-testing/Cow14/cow14_5_d4b43744a71b67fa.png,test
311,d52b13faa17ded55,25,wurzq71kfm561ljahbwjhx9n3/Cows-testing/Cow25/cow25_2_d52b13faa17ded55.png,train
312,d6fbe58b8feedc95,26,wurzq71kfm561ljahbwjhx9n3/Cows-testing/Cow26/cow26_2_d6fbe58b8feedc95.png,train
313,d7df52f86128f9ec,12,wurzq71kfm561ljahbwjhx9n3/Cows-testing/Cow12/cow12_5_d7df52f86128f9ec.png,train
314,d98a12a38de3945c,2,wurzq71kfm561ljahbwjhx9n3/Cows-testing/Cow2/cow2_2_d98a12a38de3945c.png,train
315,da25b670df9b7c18,32,wurzq71kfm561ljahbwjhx9n3/Cows-testing/Cow32/cow32_2_da25b670df9b7c18.png,train
316,da559566b27d5060,21,wurzq71kfm561ljahbwjhx9n3/Cows-testing/Cow21/cow21_1_da559566b27d5060.png,test
317,da5868d99611c160,12,wurzq71kfm561ljahbwjhx9n3/Cows-testing/Cow12/cow12_3_da5868d99611c160.png,test
318,da709bcfd0d0f5f1,20,wurzq71kfm561ljahbwjhx9n3/Cows-testing/Cow20/cow20_9_da709bcfd0d0f5f1.png,train
319,da922aa8ba43535c,33,wurzq71kfm561ljahbwjhx9n3/Cows-testing/Cow33/cow33_6_da922aa8ba43535c.png,train
320,dac6024e966002bc,34,wurzq71kfm561ljahbwjhx9n3/Cows-testing/Cow34/cow34_3_dac6024e966002bc.png,test
321,dc0a4f87da11ab1f,15,wurzq71kfm561ljahbwjhx9n3/Cows-testing/Cow15/cow15_4_dc0a4f87da11ab1f.png,train
322,dc62d2050da90d69,26,wurzq71kfm561ljahbwjhx9n3/Cows-testing/Cow26/cow26_5_dc62d2050da90d69.png,train
323,de2f60bcabc9f4d1,32,wurzq71kfm561ljahbwjhx9n3/Cows-testing/Cow32/cow32_7_de2f60bcabc9f4d1.png,train
324,de75da875943de30,1,wurzq71kfm561ljahbwjhx9n3/Cows-testing/Cow1/cow1_9_de75da875943de30.png,train
325,dea4f41d38691294,2,wurzq71kfm561ljahbwjhx9n3/Cows-testing/Cow2/cow2_8_dea4f41d38691294.png,train
326,dec51189f784353e,11,wurzq71kfm561ljahbwjhx9n3/Cows-testing/Cow11/cow11_10_dec51189f784353e.png,train
327,e0dd5cea2a2b1f2c,20,wurzq71kfm561ljahbwjhx9n3/Cows-testing/Cow20/cow20_1_e0dd5cea2a2b1f2c.png,train
328,e1256815f909616c,7,wurzq71kfm561ljahbwjhx9n3/Cows-training/Cow7/cow7_8_e1256815f909616c.png,train
329,e15c2bc3217ee2b2,11,wurzq71kfm561ljahbwjhx9n3/Cows-testing/Cow11/cow11_9_e15c2bc3217ee2b2.png,train
330,e181b78fec415894,16,wurzq71kfm561ljahbwjhx9n3/Cows-testing/Cow16/cow16_2_e181b78fec415894.png,train
331,e25ab41c68d9275b,5,wurzq71kfm561ljahbwjhx9n3/Cows-testing/Cow5/cow5_6_e25ab41c68d9275b.png,test
332,e3a893660dc5af47,5,wurzq71kfm561ljahbwjhx9n3/Cows-training/Cow5/cow5_7_e3a893660dc5af47.png,test
333,e3b6f4e41476a0ef,7,wurzq71kfm561ljahbwjhx9n3/Cows-testing/Cow7/cow7_8_e3b6f4e41476a0ef.png,train
334,e3fc7e14d23a7f25,23,wurzq71kfm561ljahbwjhx9n3/Cows-testing/Cow23/cow23_7_e3fc7e14d23a7f25.png,test
335,e4009a68251543f1,4,wurzq71kfm561ljahbwjhx9n3/Cows-testing/Cow4/cow4_5_e4009a68251543f1.png,train
336,e553d01a7236b69d,15,wurzq71kfm561ljahbwjhx9n3/Cows-testing/Cow15/cow15_9_e553d01a7236b69d.png,test
337,e581447cd9e9c54c,37,wurzq71kfm561ljahbwjhx9n3/Cows-testing/Cow37/cow37_3_e581447cd9e9c54c.png,test
338,e5ebddb66da99cdc,10,wurzq71kfm561ljahbwjhx9n3/Cows-testing/Cow10/cow10_5_e5ebddb66da99cdc.png,test
339,e60f5f665c24fe53,36,wurzq71kfm561ljahbwjhx9n3/Cows-testing/Cow36/cow36_1_e60f5f665c24fe53.png,train
340,e66929c2ea46b999,39,wurzq71kfm561ljahbwjhx9n3/Cows-testing/Cow39/cow39_5_e66929c2ea46b999.png,train
341,e6eff42411d13a73,8,wurzq71kfm561ljahbwjhx9n3/Cows-testing/Cow8/cow8_3_e6eff42411d13a73.png,train
342,e6fafeb41106b57e,32,wurzq71kfm561ljahbwjhx9n3/Cows-testing/Cow32/cow32_6_e6fafeb41106b57e.png,train
343,e7297ca1028da276,20,wurzq71kfm561ljahbwjhx9n3/Cows-testing/Cow20/cow20_3_e7297ca1028da276.png,test
344,e74bba93b65e6ed5,8,wurzq71kfm561ljahbwjhx9n3/Cows-testing/Cow8/cow8_2_e74bba93b65e6ed5.png,train
345,e759b1259766b754,6,wurzq71kfm561ljahbwjhx9n3/Cows-training/Cow6/cow6_4_e759b1259766b754.png,train
346,e90afd678bc2623c,19,wurzq71kfm561ljahbwjhx9n3/Cows-testing/Cow19/cow19_6_e90afd678bc2623c.png,train
347,e96e47730bbe93a0,18,wurzq71kfm561ljahbwjhx9n3/Cows-testing/Cow18/cow18_1_e96e47730bbe93a0.png,test
348,ea5eba64ffc18635,6,wurzq71kfm561ljahbwjhx9n3/Cows-training/Cow6/cow6_7_ea5eba64ffc18635.png,train
349,eaeaecb940c20f0f,9,wurzq71kfm561ljahbwjhx9n3/Cows-training/Cow9/cow9_6_eaeaecb940c20f0f.png,train
350,eb1f9ff16b795f48,35,wurzq71kfm561ljahbwjhx9n3/Cows-testing/Cow35/cow35_2_eb1f9ff16b795f48.png,test
351,ebafa8f7d12498b4,8,wurzq71kfm561ljahbwjhx9n3/Cows-training/Cow8/cow8_9_ebafa8f7d12498b4.png,train
352,ec121b3883310a20,14,wurzq71kfm561ljahbwjhx9n3/Cows-testing/Cow14/cow14_2_ec121b3883310a20.png,train
353,ed0addf974df8a4e,5,wurzq71kfm561ljahbwjhx9n3/Cows-training/Cow5/cow5_10_ed0addf974df8a4e.png,train
354,ee14f6e5a0a05972,12,wurzq71kfm561ljahbwjhx9n3/Cows-testing/Cow12/cow12_1_ee14f6e5a0a05972.png,train
355,ee4152a276a9a32b,11,wurzq71kfm561ljahbwjhx9n3/Cows-testing/Cow11/cow11_6_ee4152a276a9a32b.png,test
356,eef501dc0e19a774,29,wurzq71kfm561ljahbwjhx9n3/Cows-testing/Cow29/cow29_2_eef501dc0e19a774.png,train
357,f12e2764af741d1e,12,wurzq71kfm561ljahbwjhx9n3/Cows-testing/Cow12/cow12_9_f12e2764af741d1e.png,train
358,f1cf2f10ae0b366f,40,wurzq71kfm561ljahbwjhx9n3/Cows-testing/Cow40/cow40_3_f1cf2f10ae0b366f.png,train
359,f2396128dc127acd,6,wurzq71kfm561ljahbwjhx9n3/Cows-testing/Cow6/cow6_7_f2396128dc127acd.png,train
360,f3c694372d48479f,10,wurzq71kfm561ljahbwjhx9n3/Cows-testing/Cow10/cow10_4_f3c694372d48479f.png,train
361,f54ae5247fc513c2,13,wurzq71kfm561ljahbwjhx9n3/Cows-testing/Cow13/cow13_3_f54ae5247fc513c2.png,train
362,f61b39ca7503796b,31,wurzq71kfm561ljahbwjhx9n3/Cows-testing/Cow31/cow31_7_f61b39ca7503796b.png,train
363,f646ed7ad65be982,38,wurzq71kfm561ljahbwjhx9n3/Cows-testing/Cow38/cow38_7_f646ed7ad65be982.png,train
364,f66399a059d0a9e5,22,wurzq71kfm561ljahbwjhx9n3/Cows-testing/Cow22/cow22_4_f66399a059d0a9e5.png,train
365,f6a9d72e963dd78c,6,wurzq71kfm561ljahbwjhx9n3/Cows-training/Cow6/cow6_1_f6a9d72e963dd78c.png,train
366,f8547be2da5bd2f7,14,wurzq71kfm561ljahbwjhx9n3/Cows-testing/Cow14/cow14_3_f8547be2da5bd2f7.png,train
367,f9ab32ed40c1942b,8,wurzq71kfm561ljahbwjhx9n3/Cows-training/Cow8/cow8_8_f9ab32ed40c1942b.png,train
368,f9ddc75abf6b3713,4,wurzq71kfm561ljahbwjhx9n3/Cows-testing/Cow4/cow4_4_f9ddc75abf6b3713.png,test
369,fa184f575b243058,8,wurzq71kfm561ljahbwjhx9n3/Cows-testing/Cow8/cow8_6_fa184f575b243058.png,train
370,fa2a0a8130c0ef21,5,wurzq71kfm561ljahbwjhx9n3/Cows-training/Cow5/cow5_5_fa2a0a8130c0ef21.png,train
371,fa9a01f3f455900a,15,wurzq71kfm561ljahbwjhx9n3/Cows-testing/Cow15/cow15_5_fa9a01f3f455900a.png,train
372,fb9e98ad30838a55,36,wurzq71kfm561ljahbwjhx9n3/Cows-testing/Cow36/cow36_3_fb9e98ad30838a55.png,train
373,fcd222780031a65b,10,wurzq71kfm561ljahbwjhx9n3/Cows-training/Cow10/cow10_3_fcd222780031a65b.png,test
374,fd18683decc3a16a,19,wurzq71kfm561ljahbwjhx9n3/Cows-testing/Cow19/cow19_2_fd18683decc3a16a.png,train
375,ffad079e26205e82,3,wurzq71kfm561ljahbwjhx9n3/Cows-testing/Cow3/cow3_3_ffad079e26205e82.png,train
376,ffc847c1c3577716,1,wurzq71kfm561ljahbwjhx9n3/Cows-training/Cow1/cow1_10_ffc847c1c3577716.png,train
